model,store,product,horizon,mase,smape,rmse,rmsle
Chronos-Bolt-Small,S001,P0001,7,0.7427,28.0072,31.8002,0.3218
Chronos-Bolt-Small,S001,P0002,7,0.6356,32.9143,29.7949,0.4166
Chronos-Bolt-Small,S001,P0003,7,0.3473,18.6804,20.5353,0.2106
Chronos-Bolt-Small,S001,P0004,7,0.4962,24.5959,22.0418,0.2836
Chronos-Bolt-Small,S001,P0005,7,0.4724,23.3328,29.7696,0.2871
Chronos-Bolt-Small,S001,P0006,7,0.5213,46.5495,30.9932,1.6083
Chronos-Bolt-Small,S001,P0007,7,0.9702,43.4381,59.8672,0.4869
Chronos-Bolt-Small,S001,P0008,7,0.5729,26.9351,20.9743,0.3065
Chronos-Bolt-Small,S001,P0009,7,1.034,45.2296,45.6405,0.4979
Chronos-Bolt-Small,S001,P0010,7,0.6,24.7173,21.4216,0.2749
Chronos-Bolt-Small,S001,P0011,7,0.4325,27.6863,17.9546,0.4007
Chronos-Bolt-Small,S001,P0012,7,0.963,39.8303,54.6454,0.4507
Chronos-Bolt-Small,S001,P0013,7,0.8372,36.6324,38.5528,0.4633
Chronos-Bolt-Small,S001,P0014,7,0.624,27.7199,51.7288,0.4054
Chronos-Bolt-Small,S001,P0015,7,0.8344,44.9453,40.6177,0.5467
Chronos-Bolt-Small,S001,P0016,7,0.3822,19.2895,27.3353,0.2358
Chronos-Bolt-Small,S001,P0017,7,0.4404,25.6272,20.7876,0.4131
Chronos-Bolt-Small,S001,P0018,7,0.8433,41.6965,39.8327,0.5314
Chronos-Bolt-Small,S001,P0019,7,0.665,28.6647,22.4067,0.3166
Chronos-Bolt-Small,S001,P0020,7,0.3916,22.7227,17.5044,0.3043
Chronos-Bolt-Small,S002,P0001,7,0.8899,34.507,59.2692,0.3988
Chronos-Bolt-Small,S002,P0002,7,0.7968,42.8271,38.79,0.4603
Chronos-Bolt-Small,S002,P0003,7,0.6255,49.0941,39.8723,1.2036
Chronos-Bolt-Small,S002,P0004,7,0.378,19.3875,24.1985,0.2345
Chronos-Bolt-Small,S002,P0005,7,0.9089,31.2273,57.2625,0.4726
Chronos-Bolt-Small,S002,P0006,7,0.5682,25.0081,23.3007,0.3385
Chronos-Bolt-Small,S002,P0007,7,1.2467,56.9946,62.8586,0.6847
Chronos-Bolt-Small,S002,P0008,7,0.4363,20.8707,21.6959,0.2676
Chronos-Bolt-Small,S002,P0009,7,0.6414,33.107,36.8685,0.4022
Chronos-Bolt-Small,S002,P0010,7,0.5823,25.6919,29.7605,0.3149
Chronos-Bolt-Small,S002,P0011,7,0.6787,38.4031,37.7427,0.4289
Chronos-Bolt-Small,S002,P0012,7,0.5121,29.0829,23.6581,0.3703
Chronos-Bolt-Small,S002,P0013,7,0.3854,20.9342,24.7141,0.2399
Chronos-Bolt-Small,S002,P0014,7,1.1268,46.6721,54.7037,0.5583
Chronos-Bolt-Small,S002,P0015,7,0.5555,32.3868,31.2447,0.5273
Chronos-Bolt-Small,S002,P0016,7,0.6028,33.2678,27.2955,0.3771
Chronos-Bolt-Small,S002,P0017,7,1.102,56.9647,64.3675,0.7555
Chronos-Bolt-Small,S002,P0018,7,0.8102,38.34,29.9923,0.5072
Chronos-Bolt-Small,S002,P0019,7,0.6117,27.3289,36.0529,0.3258
Chronos-Bolt-Small,S002,P0020,7,0.9219,40.2166,35.8696,0.4787
Chronos-Bolt-Small,S003,P0001,7,0.6364,31.5287,30.0699,0.3527
Chronos-Bolt-Small,S003,P0002,7,0.3281,19.141,21.4549,0.2462
Chronos-Bolt-Small,S003,P0003,7,1.0863,34.963,42.4307,0.3707
Chronos-Bolt-Small,S003,P0004,7,0.9637,43.4193,54.3572,0.4884
Chronos-Bolt-Small,S003,P0005,7,1.3936,58.6216,73.8053,0.6935
Chronos-Bolt-Small,S003,P0006,7,0.6134,28.8634,24.8049,0.3425
Chronos-Bolt-Small,S003,P0007,7,1.0126,41.0722,67.8497,0.5044
Chronos-Bolt-Small,S003,P0008,7,0.644,26.1804,33.8276,0.3096
Chronos-Bolt-Small,S003,P0009,7,0.7588,26.9236,36.2019,0.3308
Chronos-Bolt-Small,S003,P0010,7,0.5294,22.6842,28.1116,0.3116
Chronos-Bolt-Small,S003,P0011,7,1.0837,43.8844,56.942,0.5358
Chronos-Bolt-Small,S003,P0012,7,0.7696,40.7435,27.014,0.4527
Chronos-Bolt-Small,S003,P0013,7,0.7155,37.4902,43.1958,0.4239
Chronos-Bolt-Small,S003,P0014,7,0.6732,38.9986,39.0929,0.4737
Chronos-Bolt-Small,S003,P0015,7,0.7233,36.7823,53.7103,0.4856
Chronos-Bolt-Small,S003,P0016,7,0.8789,37.5423,48.0974,0.4208
Chronos-Bolt-Small,S003,P0017,7,1.3775,53.7605,55.7033,0.6475
Chronos-Bolt-Small,S003,P0018,7,0.6138,36.2938,25.586,0.5468
Chronos-Bolt-Small,S003,P0019,7,0.4172,19.5671,20.9585,0.2608
Chronos-Bolt-Small,S003,P0020,7,0.6331,28.3595,31.7961,0.3055
Chronos-Bolt-Small,S004,P0001,7,0.398,18.3594,27.2859,0.2302
Chronos-Bolt-Small,S004,P0002,7,0.5224,32.1291,32.5895,0.4573
Chronos-Bolt-Small,S004,P0003,7,0.6258,25.5757,31.8679,0.3507
Chronos-Bolt-Small,S004,P0004,7,0.3403,21.1887,22.6422,0.2761
Chronos-Bolt-Small,S004,P0005,7,0.9507,37.4739,38.8304,0.4288
Chronos-Bolt-Small,S004,P0006,7,0.699,32.4136,43.4007,0.3856
Chronos-Bolt-Small,S004,P0007,7,0.8771,38.9012,54.4956,0.4513
Chronos-Bolt-Small,S004,P0008,7,0.3659,14.3712,13.0291,0.1748
Chronos-Bolt-Small,S004,P0009,7,0.9606,65.337,51.4552,1.8044
Chronos-Bolt-Small,S004,P0010,7,0.8086,43.7153,54.2288,0.5308
Chronos-Bolt-Small,S004,P0011,7,0.5283,27.0608,28.8862,0.309
Chronos-Bolt-Small,S004,P0012,7,0.8011,30.4138,30.8416,0.3654
Chronos-Bolt-Small,S004,P0013,7,1.1333,53.4639,70.3803,0.6131
Chronos-Bolt-Small,S004,P0014,7,0.5046,19.6025,31.1098,0.3246
Chronos-Bolt-Small,S004,P0015,7,0.5765,39.7316,22.4344,0.4893
Chronos-Bolt-Small,S004,P0016,7,0.6458,30.165,23.7033,0.3305
Chronos-Bolt-Small,S004,P0017,7,0.3616,15.6964,15.1849,0.1733
Chronos-Bolt-Small,S004,P0018,7,0.8786,32.7681,34.6309,0.4349
Chronos-Bolt-Small,S004,P0019,7,0.3517,16.132,17.5442,0.2128
Chronos-Bolt-Small,S004,P0020,7,0.9172,39.072,40.6563,0.4888
Chronos-Bolt-Small,S005,P0001,7,0.8503,42.5049,53.1176,0.4981
Chronos-Bolt-Small,S005,P0002,7,0.508,28.0715,24.2441,0.3192
Chronos-Bolt-Small,S005,P0003,7,0.4825,26.6553,22.9739,0.355
Chronos-Bolt-Small,S005,P0004,7,0.5341,26.6691,27.9944,0.3848
Chronos-Bolt-Small,S005,P0005,7,0.6412,29.8974,33.7309,0.3316
Chronos-Bolt-Small,S005,P0006,7,0.5627,36.8595,34.9219,0.4982
Chronos-Bolt-Small,S005,P0007,7,1.237,42.9724,92.1728,0.6041
Chronos-Bolt-Small,S005,P0008,7,0.7344,32.8005,35.6177,0.3998
Chronos-Bolt-Small,S005,P0009,7,0.6808,38.7046,37.3086,0.4607
Chronos-Bolt-Small,S005,P0010,7,0.4481,24.1148,28.469,0.2997
Chronos-Bolt-Small,S005,P0011,7,1.2067,65.9079,54.1927,1.6771
Chronos-Bolt-Small,S005,P0012,7,0.8482,45.8516,28.4039,0.4812
Chronos-Bolt-Small,S005,P0013,7,0.6222,32.3894,36.5718,0.3597
Chronos-Bolt-Small,S005,P0014,7,0.3871,17.9199,15.4022,0.2114
Chronos-Bolt-Small,S005,P0015,7,0.5872,27.2032,36.7638,0.3352
Chronos-Bolt-Small,S005,P0016,7,1.6608,98.3479,79.5619,1.1519
Chronos-Bolt-Small,S005,P0017,7,0.8156,36.5359,38.8628,0.4593
Chronos-Bolt-Small,S005,P0018,7,0.6933,33.1652,34.0844,0.388
Chronos-Bolt-Small,S005,P0019,7,0.8366,35.0353,43.4607,0.5125
Chronos-Bolt-Small,S005,P0020,7,0.8124,40.0702,33.6171,0.458
Chronos-Bolt-Small,S001,P0001,14,0.7164,30.5384,30.1275,0.3761
Chronos-Bolt-Small,S001,P0002,14,0.5442,29.4982,29.7905,0.5062
Chronos-Bolt-Small,S001,P0003,14,0.691,31.3415,50.1778,0.394
Chronos-Bolt-Small,S001,P0004,14,0.8385,34.4958,39.7616,0.4104
Chronos-Bolt-Small,S001,P0005,14,0.5293,24.0607,35.7905,0.3053
Chronos-Bolt-Small,S001,P0006,14,0.4774,36.0571,26.8163,1.1545
Chronos-Bolt-Small,S001,P0007,14,0.8737,41.364,56.2003,0.5023
Chronos-Bolt-Small,S001,P0008,14,0.7032,29.0701,27.987,0.3429
Chronos-Bolt-Small,S001,P0009,14,1.0239,40.3063,46.1496,0.4444
Chronos-Bolt-Small,S001,P0010,14,0.6491,26.1942,27.3463,0.3304
Chronos-Bolt-Small,S001,P0011,14,0.5533,31.6509,22.6938,0.4279
Chronos-Bolt-Small,S001,P0012,14,0.7402,33.1728,43.7151,0.3851
Chronos-Bolt-Small,S001,P0013,14,0.7658,35.5038,35.9474,0.4511
Chronos-Bolt-Small,S001,P0014,14,0.673,35.2006,46.6349,0.5008
Chronos-Bolt-Small,S001,P0015,14,0.958,48.6915,45.2986,0.6004
Chronos-Bolt-Small,S001,P0016,14,0.4695,28.2804,30.9291,0.3536
Chronos-Bolt-Small,S001,P0017,14,0.5496,28.9409,24.3103,0.4081
Chronos-Bolt-Small,S001,P0018,14,0.6999,31.4784,34.8054,0.4149
Chronos-Bolt-Small,S001,P0019,14,0.7798,37.7348,25.2744,0.4703
Chronos-Bolt-Small,S001,P0020,14,0.4865,32.6229,20.8505,0.4885
Chronos-Bolt-Small,S002,P0001,14,0.6576,28.1596,46.0944,0.3459
Chronos-Bolt-Small,S002,P0002,14,0.8777,44.1655,44.622,0.5018
Chronos-Bolt-Small,S002,P0003,14,0.6859,42.288,41.3687,0.8967
Chronos-Bolt-Small,S002,P0004,14,0.5665,28.7331,36.0862,0.3551
Chronos-Bolt-Small,S002,P0005,14,0.826,34.8078,52.0859,0.6093
Chronos-Bolt-Small,S002,P0006,14,0.7892,28.9648,36.4294,0.3756
Chronos-Bolt-Small,S002,P0007,14,1.2778,57.3087,65.1175,0.704
Chronos-Bolt-Small,S002,P0008,14,0.516,27.3127,26.682,0.4205
Chronos-Bolt-Small,S002,P0009,14,0.5507,28.7314,31.2847,0.3449
Chronos-Bolt-Small,S002,P0010,14,0.6683,28.4493,33.4521,0.3501
Chronos-Bolt-Small,S002,P0011,14,0.5851,34.7307,34.3475,0.4211
Chronos-Bolt-Small,S002,P0012,14,0.5031,25.3421,26.0919,0.3349
Chronos-Bolt-Small,S002,P0013,14,0.5508,27.3292,37.6059,0.3194
Chronos-Bolt-Small,S002,P0014,14,1.2084,50.3958,56.7564,0.5851
Chronos-Bolt-Small,S002,P0015,14,0.5415,30.942,28.6984,0.4448
Chronos-Bolt-Small,S002,P0016,14,0.5387,27.8929,25.6116,0.3329
Chronos-Bolt-Small,S002,P0017,14,1.1031,59.9353,58.6878,0.718
Chronos-Bolt-Small,S002,P0018,14,0.7327,31.8077,26.9425,0.4154
Chronos-Bolt-Small,S002,P0019,14,0.5108,25.8321,30.3998,0.3256
Chronos-Bolt-Small,S002,P0020,14,0.8727,39.137,33.875,0.4623
Chronos-Bolt-Small,S003,P0001,14,0.5804,30.8224,28.9485,0.3743
Chronos-Bolt-Small,S003,P0002,14,0.5551,36.2837,37.9963,1.2554
Chronos-Bolt-Small,S003,P0003,14,0.8515,28.6901,37.4094,0.3353
Chronos-Bolt-Small,S003,P0004,14,0.9106,49.9443,50.9221,0.7077
Chronos-Bolt-Small,S003,P0005,14,0.9076,42.0661,57.5328,0.5709
Chronos-Bolt-Small,S003,P0006,14,0.801,33.7111,36.2375,0.4076
Chronos-Bolt-Small,S003,P0007,14,1.0312,41.4902,68.2362,0.5126
Chronos-Bolt-Small,S003,P0008,14,0.6036,28.9904,31.0932,0.3522
Chronos-Bolt-Small,S003,P0009,14,0.7791,29.7053,36.5952,0.3728
Chronos-Bolt-Small,S003,P0010,14,0.4897,20.8435,25.1243,0.2708
Chronos-Bolt-Small,S003,P0011,14,0.9761,43.8991,50.2333,0.5241
Chronos-Bolt-Small,S003,P0012,14,0.6839,33.2151,25.2449,0.3835
Chronos-Bolt-Small,S003,P0013,14,0.5981,35.1905,39.0651,0.5224
Chronos-Bolt-Small,S003,P0014,14,1.1011,46.2469,65.5477,0.5462
Chronos-Bolt-Small,S003,P0015,14,0.718,41.2746,49.7511,0.5337
Chronos-Bolt-Small,S003,P0016,14,0.6517,29.4759,37.296,0.3381
Chronos-Bolt-Small,S003,P0017,14,1.1635,46.7794,46.4703,0.5654
Chronos-Bolt-Small,S003,P0018,14,0.8028,37.0332,33.7622,0.5136
Chronos-Bolt-Small,S003,P0019,14,0.5795,25.8774,29.25,0.3495
Chronos-Bolt-Small,S003,P0020,14,0.4382,19.9506,24.9053,0.241
Chronos-Bolt-Small,S004,P0001,14,0.383,17.1371,26.0452,0.2188
Chronos-Bolt-Small,S004,P0002,14,0.5301,31.8619,31.7833,0.4
Chronos-Bolt-Small,S004,P0003,14,0.9026,41.9556,37.7878,0.5052
Chronos-Bolt-Small,S004,P0004,14,0.5106,27.3598,33.4034,0.3231
Chronos-Bolt-Small,S004,P0005,14,0.7915,33.885,33.1493,0.4084
Chronos-Bolt-Small,S004,P0006,14,0.8834,38.2861,55.7605,0.4571
Chronos-Bolt-Small,S004,P0007,14,0.9314,38.5079,62.3137,0.4678
Chronos-Bolt-Small,S004,P0008,14,0.6137,22.8528,22.6985,0.292
Chronos-Bolt-Small,S004,P0009,14,0.6964,43.9244,38.9228,1.2868
Chronos-Bolt-Small,S004,P0010,14,0.8242,45.1522,50.5158,0.5077
Chronos-Bolt-Small,S004,P0011,14,0.5859,31.5592,30.6084,0.3681
Chronos-Bolt-Small,S004,P0012,14,0.9162,33.5138,36.0175,0.401
Chronos-Bolt-Small,S004,P0013,14,1.1055,53.2748,69.647,0.6091
Chronos-Bolt-Small,S004,P0014,14,0.6778,28.4763,34.5918,0.3961
Chronos-Bolt-Small,S004,P0015,14,0.6922,39.1723,29.6364,0.4818
Chronos-Bolt-Small,S004,P0016,14,0.8195,34.6171,33.4525,0.4163
Chronos-Bolt-Small,S004,P0017,14,0.731,26.7485,36.3911,0.3258
Chronos-Bolt-Small,S004,P0018,14,0.6454,25.4973,26.1877,0.3389
Chronos-Bolt-Small,S004,P0019,14,0.5069,21.2849,25.6816,0.2719
Chronos-Bolt-Small,S004,P0020,14,1.1155,54.4224,46.317,1.1829
Chronos-Bolt-Small,S005,P0001,14,0.6781,36.1642,42.5169,0.4253
Chronos-Bolt-Small,S005,P0002,14,0.6631,31.5955,35.4576,0.3899
Chronos-Bolt-Small,S005,P0003,14,0.6599,27.7684,36.7684,0.378
Chronos-Bolt-Small,S005,P0004,14,0.5549,25.2302,28.0358,0.3347
Chronos-Bolt-Small,S005,P0005,14,0.8687,49.8635,48.8467,1.2933
Chronos-Bolt-Small,S005,P0006,14,0.4097,24.2637,27.5577,0.368
Chronos-Bolt-Small,S005,P0007,14,1.0552,47.3304,75.0281,0.7915
Chronos-Bolt-Small,S005,P0008,14,0.6459,27.3527,32.6401,0.3389
Chronos-Bolt-Small,S005,P0009,14,0.6543,35.5984,37.0387,0.4227
Chronos-Bolt-Small,S005,P0010,14,0.4425,23.4534,29.0345,0.2881
Chronos-Bolt-Small,S005,P0011,14,1.0175,53.2256,48.8381,1.2349
Chronos-Bolt-Small,S005,P0012,14,0.643,34.3894,25.5574,0.4233
Chronos-Bolt-Small,S005,P0013,14,0.7238,40.0417,44.8771,0.5089
Chronos-Bolt-Small,S005,P0014,14,0.834,41.7522,37.2235,1.1896
Chronos-Bolt-Small,S005,P0015,14,0.4807,25.0714,29.847,0.3013
Chronos-Bolt-Small,S005,P0016,14,1.402,92.3741,68.415,1.0636
Chronos-Bolt-Small,S005,P0017,14,0.5664,26.6976,29.1286,0.353
Chronos-Bolt-Small,S005,P0018,14,0.6487,30.2332,31.007,0.3479
Chronos-Bolt-Small,S005,P0019,14,0.799,38.7547,38.1316,0.5315
Chronos-Bolt-Small,S005,P0020,14,0.8042,38.4868,33.9063,0.4525
Chronos-Bolt-Small,S001,P0001,28,0.8039,32.5707,35.8876,0.4
Chronos-Bolt-Small,S001,P0002,28,0.6139,32.6941,32.4375,0.538
Chronos-Bolt-Small,S001,P0003,28,0.6524,30.2689,45.1004,0.383
Chronos-Bolt-Small,S001,P0004,28,0.7147,29.89,35.587,0.3677
Chronos-Bolt-Small,S001,P0005,28,0.6978,33.2005,43.4092,0.4088
Chronos-Bolt-Small,S001,P0006,28,0.5708,42.0494,34.6906,1.1755
Chronos-Bolt-Small,S001,P0007,28,0.7572,36.303,48.9468,0.4465
Chronos-Bolt-Small,S001,P0008,28,0.7279,32.3758,28.7742,0.4009
Chronos-Bolt-Small,S001,P0009,28,0.8408,35.7588,40.7948,0.4556
Chronos-Bolt-Small,S001,P0010,28,0.7171,30.1651,28.7567,0.3747
Chronos-Bolt-Small,S001,P0011,28,0.5726,29.7557,23.5174,0.3827
Chronos-Bolt-Small,S001,P0012,28,0.651,29.4359,39.5391,0.3486
Chronos-Bolt-Small,S001,P0013,28,0.7756,38.105,34.1738,0.4532
Chronos-Bolt-Small,S001,P0014,28,0.6928,36.6801,45.1779,0.5137
Chronos-Bolt-Small,S001,P0015,28,1.0203,50.9001,46.1074,0.6032
Chronos-Bolt-Small,S001,P0016,28,0.5234,31.3899,35.8687,0.4095
Chronos-Bolt-Small,S001,P0017,28,0.5831,30.902,24.2078,0.3957
Chronos-Bolt-Small,S001,P0018,28,0.6407,29.4491,33.1745,0.4098
Chronos-Bolt-Small,S001,P0019,28,0.8427,39.4806,30.6945,0.5163
Chronos-Bolt-Small,S001,P0020,28,0.5591,33.9285,24.301,0.4627
Chronos-Bolt-Small,S002,P0001,28,0.7985,44.0917,50.4996,0.5932
Chronos-Bolt-Small,S002,P0002,28,0.8071,44.0004,43.1339,0.5274
Chronos-Bolt-Small,S002,P0003,28,0.6342,36.8551,39.4131,0.7101
Chronos-Bolt-Small,S002,P0004,28,0.4924,25.0383,31.1177,0.3052
Chronos-Bolt-Small,S002,P0005,28,0.7544,34.8415,43.2897,0.5206
Chronos-Bolt-Small,S002,P0006,28,0.6007,23.4858,28.6816,0.3192
Chronos-Bolt-Small,S002,P0007,28,1.143,53.4208,59.5842,0.6633
Chronos-Bolt-Small,S002,P0008,28,0.5818,29.2157,36.1149,0.493
Chronos-Bolt-Small,S002,P0009,28,0.6909,35.5807,42.0296,0.4683
Chronos-Bolt-Small,S002,P0010,28,0.63,28.0913,31.1342,0.3498
Chronos-Bolt-Small,S002,P0011,28,0.6845,45.8808,41.087,0.9755
Chronos-Bolt-Small,S002,P0012,28,0.8436,36.0028,45.056,0.4497
Chronos-Bolt-Small,S002,P0013,28,0.5518,31.2109,36.3634,0.3781
Chronos-Bolt-Small,S002,P0014,28,0.8783,43.7879,44.0456,0.5495
Chronos-Bolt-Small,S002,P0015,28,0.6609,38.9311,37.6714,0.9815
Chronos-Bolt-Small,S002,P0016,28,0.6238,31.9784,30.1022,0.3927
Chronos-Bolt-Small,S002,P0017,28,1.0216,56.4595,54.0859,0.662
Chronos-Bolt-Small,S002,P0018,28,0.577,24.789,22.3072,0.3346
Chronos-Bolt-Small,S002,P0019,28,0.4269,22.1993,25.1944,0.2859
Chronos-Bolt-Small,S002,P0020,28,0.7919,41.1465,30.6466,0.501
Chronos-Bolt-Small,S003,P0001,28,0.7151,35.8802,36.6343,0.4371
Chronos-Bolt-Small,S003,P0002,28,0.7598,45.3635,53.4985,1.0172
Chronos-Bolt-Small,S003,P0003,28,0.6965,25.2189,31.1657,0.2993
Chronos-Bolt-Small,S003,P0004,28,0.8962,42.0058,59.9897,0.6064
Chronos-Bolt-Small,S003,P0005,28,0.8619,47.5427,50.4278,0.5931
Chronos-Bolt-Small,S003,P0006,28,0.903,36.7682,39.8638,0.4306
Chronos-Bolt-Small,S003,P0007,28,0.7713,32.2875,56.8311,0.4272
Chronos-Bolt-Small,S003,P0008,28,0.6008,27.3731,32.4103,0.3334
Chronos-Bolt-Small,S003,P0009,28,0.771,29.3582,38.3384,0.3782
Chronos-Bolt-Small,S003,P0010,28,0.5852,23.8486,31.5959,0.3107
Chronos-Bolt-Small,S003,P0011,28,0.8562,39.5728,43.9702,0.4651
Chronos-Bolt-Small,S003,P0012,28,1.0104,45.2589,41.5044,0.9099
Chronos-Bolt-Small,S003,P0013,28,0.6363,37.2682,41.1692,0.9756
Chronos-Bolt-Small,S003,P0014,28,0.8364,35.519,53.197,0.4458
Chronos-Bolt-Small,S003,P0015,28,0.7515,38.8551,55.3315,0.5056
Chronos-Bolt-Small,S003,P0016,28,0.6022,28.5491,36.1,0.3462
Chronos-Bolt-Small,S003,P0017,28,0.9245,39.1364,38.3435,0.4846
Chronos-Bolt-Small,S003,P0018,28,0.8302,35.1155,35.2778,0.4696
Chronos-Bolt-Small,S003,P0019,28,0.5819,24.5558,28.347,0.3101
Chronos-Bolt-Small,S003,P0020,28,0.4832,25.0555,26.6371,0.3157
Chronos-Bolt-Small,S004,P0001,28,0.4822,23.1435,30.5943,0.2955
Chronos-Bolt-Small,S004,P0002,28,0.5424,33.9048,33.4651,0.5168
Chronos-Bolt-Small,S004,P0003,28,1.1117,42.7478,54.1568,0.5531
Chronos-Bolt-Small,S004,P0004,28,0.6913,38.4312,50.7004,0.9501
Chronos-Bolt-Small,S004,P0005,28,0.8302,35.7023,34.9088,0.4369
Chronos-Bolt-Small,S004,P0006,28,0.7495,35.29,48.3208,0.4422
Chronos-Bolt-Small,S004,P0007,28,0.9084,37.4726,59.6147,0.4495
Chronos-Bolt-Small,S004,P0008,28,0.7266,30.7269,25.0124,0.3752
Chronos-Bolt-Small,S004,P0009,28,0.5979,35.2383,35.3814,0.9531
Chronos-Bolt-Small,S004,P0010,28,0.7759,42.3685,47.0603,0.4872
Chronos-Bolt-Small,S004,P0011,28,0.5549,28.7372,30.4563,0.3464
Chronos-Bolt-Small,S004,P0012,28,1.1447,37.6277,47.249,0.4677
Chronos-Bolt-Small,S004,P0013,28,0.8505,49.8053,56.4503,0.7462
Chronos-Bolt-Small,S004,P0014,28,0.6346,30.3435,29.4024,0.3957
Chronos-Bolt-Small,S004,P0015,28,0.8263,44.2258,34.4894,0.5306
Chronos-Bolt-Small,S004,P0016,28,0.815,41.1707,31.5709,0.5522
Chronos-Bolt-Small,S004,P0017,28,0.6864,26.8256,34.2219,0.3497
Chronos-Bolt-Small,S004,P0018,28,0.6943,28.2843,25.8383,0.3554
Chronos-Bolt-Small,S004,P0019,28,0.6978,26.6927,34.7238,0.3275
Chronos-Bolt-Small,S004,P0020,28,0.8536,45.2882,36.3873,0.9053
Chronos-Bolt-Small,S005,P0001,28,0.5624,32.4635,37.5294,0.5305
Chronos-Bolt-Small,S005,P0002,28,0.8282,37.6506,43.2499,0.4738
Chronos-Bolt-Small,S005,P0003,28,0.7412,33.037,36.6689,0.417
Chronos-Bolt-Small,S005,P0004,28,0.6758,27.3097,37.5063,0.3644
Chronos-Bolt-Small,S005,P0005,28,0.8368,40.5639,50.1503,0.959
Chronos-Bolt-Small,S005,P0006,28,0.5333,24.8113,40.8317,0.3618
Chronos-Bolt-Small,S005,P0007,28,0.8288,37.9899,59.1749,0.6072
Chronos-Bolt-Small,S005,P0008,28,0.6149,28.7422,30.9732,0.3632
Chronos-Bolt-Small,S005,P0009,28,0.7013,36.0966,41.1191,0.4417
Chronos-Bolt-Small,S005,P0010,28,0.6537,32.1252,46.9709,0.4177
Chronos-Bolt-Small,S005,P0011,28,0.9508,45.0031,47.1027,0.9313
Chronos-Bolt-Small,S005,P0012,28,1.2202,58.0241,48.1056,0.7156
Chronos-Bolt-Small,S005,P0013,28,0.634,38.0312,40.1747,0.5043
Chronos-Bolt-Small,S005,P0014,28,0.7487,36.2098,33.5484,0.8991
Chronos-Bolt-Small,S005,P0015,28,0.7049,35.7555,47.6813,0.5892
Chronos-Bolt-Small,S005,P0016,28,1.3508,82.0266,67.015,0.9523
Chronos-Bolt-Small,S005,P0017,28,0.9198,39.0376,48.1605,0.5244
Chronos-Bolt-Small,S005,P0018,28,0.6777,31.5643,33.7194,0.3725
Chronos-Bolt-Small,S005,P0019,28,0.9764,46.7786,39.7711,0.5748
Chronos-Bolt-Small,S005,P0020,28,0.7118,34.2964,30.8972,0.4108
