model,store,product,horizon,mse,rmse,mae,mape,smape,mase,rmsle
Prophet,S001,P0001,7,1506.8464,38.8181,29.7826,44.2261,35.3052,0.8164,0.4682
Prophet,S001,P0002,7,1172.5608,34.2427,27.0612,38.7355,29.7628,0.6723,0.4182
Prophet,S001,P0003,7,2540.0553,50.399,40.0682,68.0604,36.0598,0.7511,0.5415
Prophet,S001,P0004,7,1272.2223,35.6682,29.251,9035718097.5505,39.3138,0.7909,0.7022
Prophet,S001,P0005,7,1605.4654,40.0683,33.9642,43.4869,34.9996,0.6857,0.4351
Prophet,S001,P0006,7,1826.1524,42.7335,31.1093,15624334221.3225,45.1471,0.7118,0.8693
Prophet,S001,P0007,7,2833.3237,53.229,43.2077,85.7566,43.7091,0.8216,0.6517
Prophet,S001,P0008,7,974.2175,31.2125,24.4536,41.496,33.7233,0.7493,0.4416
Prophet,S001,P0009,7,2194.2243,46.8425,36.6305,36.2652,32.9573,0.8703,0.4238
Prophet,S001,P0010,7,903.5623,30.0593,23.4181,45.3542,34.6648,0.7499,0.4724
Prophet,S001,P0011,7,952.7508,30.8667,23.759,51.2346,37.5368,0.7392,0.5003
Prophet,S001,P0012,7,1903.3889,43.6278,34.7016,59.3577,36.9091,0.7141,0.5473
Prophet,S001,P0013,7,1055.9911,32.496,26.8787,69.3711,41.0879,0.7682,0.5945
Prophet,S001,P0014,7,1757.4278,41.9217,33.907,73.547,36.4314,0.6805,0.5563
Prophet,S001,P0015,7,1166.4338,34.1531,27.2981,68.4371,38.8914,0.7447,0.5843
Prophet,S001,P0016,7,1958.0078,44.2494,34.5957,11378832962.5696,37.3437,0.6292,0.6865
Prophet,S001,P0017,7,1113.1126,33.3633,26.3484,95.4439,41.9832,0.7789,0.6765
Prophet,S001,P0018,7,1580.1518,39.7511,32.1641,43.6106,33.49,0.7737,0.4394
Prophet,S001,P0019,7,956.9231,30.9342,25.3928,64.1995,41.8503,0.8858,0.5722
Prophet,S001,P0020,7,918.586,30.3082,24.8182,64.9288,42.0101,0.7401,0.5791
Prophet,S002,P0001,7,2583.6159,50.8293,40.8587,65.1347,41.7519,0.767,0.5766
Prophet,S002,P0002,7,1603.878,40.0484,33.1875,72.082,43.9699,0.7616,0.6112
Prophet,S002,P0003,7,1679.9929,40.9877,34.0272,89.131,39.2154,0.6989,0.6104
Prophet,S002,P0004,7,1666.2872,40.8202,33.3632,43.1565,33.4773,0.6722,0.4356
Prophet,S002,P0005,7,1588.4636,39.8555,32.1967,54.103,38.2075,0.793,0.5192
Prophet,S002,P0006,7,1246.7497,35.3093,26.3974,36.738,30.1068,0.7744,0.4176
Prophet,S002,P0007,7,1868.6592,43.228,35.4668,98.7138,47.3255,0.8459,0.712
Prophet,S002,P0008,7,1223.9122,34.9845,27.0138,42.3871,30.3589,0.6711,0.433
Prophet,S002,P0009,7,2380.8757,48.7942,38.4467,11548449470.56,39.0312,0.8006,0.6875
Prophet,S002,P0010,7,1126.5631,33.5643,27.2458,30.5393,27.5696,0.681,0.3398
Prophet,S002,P0011,7,2156.9996,46.4435,37.0577,20957301665.156,41.8565,0.7017,0.8465
Prophet,S002,P0012,7,1250.8657,35.3676,26.9198,45.1383,33.7476,0.685,0.4695
Prophet,S002,P0013,7,1881.3816,43.3749,35.8804,122.8925,39.9236,0.6826,0.665
Prophet,S002,P0014,7,1692.5397,41.1405,32.4666,8463120930.3264,43.6174,0.8228,0.8013
Prophet,S002,P0015,7,2109.7738,45.9323,34.3452,19743582354.0916,36.7814,0.7678,0.8008
Prophet,S002,P0016,7,1872.3136,43.2702,33.4178,10121216652.7102,36.4989,0.7893,0.6404
Prophet,S002,P0017,7,1687.3128,41.0769,32.583,8474447398.4379,46.8792,0.7511,0.8102
Prophet,S002,P0018,7,896.9342,29.9489,23.4878,37.1106,29.3246,0.7466,0.4023
Prophet,S002,P0019,7,1462.1244,38.2377,30.0217,11229483244.2389,32.7435,0.6657,0.6448
Prophet,S002,P0020,7,955.8657,30.9171,24.2548,46.7474,38.9898,0.7728,0.4825
Prophet,S003,P0001,7,1818.9313,42.6489,33.5536,16788052031.5811,48.0854,0.797,0.9054
Prophet,S003,P0002,7,1999.9449,44.7207,35.6543,12241546699.3223,39.1575,0.6928,0.7133
Prophet,S003,P0003,7,1231.0086,35.0857,27.7765,49.1427,32.9788,0.7677,0.4915
Prophet,S003,P0004,7,2595.2158,50.9433,39.1679,11968660199.0651,39.5434,0.784,0.7419
Prophet,S003,P0005,7,1911.3984,43.7195,35.4122,9441936938.1024,47.9692,0.8001,0.8316
Prophet,S003,P0006,7,1328.8242,36.453,30.3525,81.5553,41.037,0.833,0.6281
Prophet,S003,P0007,7,1863.9275,43.1732,32.1315,50.025,32.7105,0.6291,0.4942
Prophet,S003,P0008,7,1657.7656,40.7157,32.1005,32.4925,31.4505,0.7575,0.3761
Prophet,S003,P0009,7,1526.1699,39.0662,30.9681,43.6699,34.3588,0.8169,0.4556
Prophet,S003,P0010,7,1259.8194,35.4939,27.5128,69.9461,31.4312,0.6795,0.5362
Prophet,S003,P0011,7,1711.6116,41.3716,33.9507,29199054701.545,41.9146,0.7805,0.9357
Prophet,S003,P0012,7,1078.2416,32.8366,26.3862,7007149560.1935,41.1769,0.8313,0.6568
Prophet,S003,P0013,7,1875.6315,43.3086,33.5148,23623327990.4388,38.2602,0.6659,0.8701
Prophet,S003,P0014,7,2048.4107,45.2594,37.6329,42.9989,35.1474,0.7741,0.4449
Prophet,S003,P0015,7,2107.6076,45.9087,36.8573,12548690368.08,39.4105,0.6794,0.8063
Prophet,S003,P0016,7,1816.4202,42.6195,32.9736,46.2003,35.7079,0.7076,0.4825
Prophet,S003,P0017,7,977.9749,31.2726,24.6615,7078786869.7961,40.9497,0.7979,0.7187
Prophet,S003,P0018,7,944.1785,30.7275,24.9126,57.5914,39.7767,0.8099,0.5358
Prophet,S003,P0019,7,889.1242,29.8182,23.5356,34.6079,25.8216,0.6077,0.3721
Prophet,S003,P0020,7,2350.7733,48.4848,34.5419,30.167,31.8459,0.7643,0.4044
Prophet,S004,P0001,7,2197.8458,46.8812,35.429,12628945003.5914,37.762,0.7149,0.8031
Prophet,S004,P0002,7,1871.8795,43.2652,33.539,10461723357.3992,40.3005,0.6613,0.7658
Prophet,S004,P0003,7,1643.2912,40.5375,30.638,70.5451,43.3363,0.8809,0.6087
Prophet,S004,P0004,7,2472.9939,49.7292,40.2836,12072949877.2588,39.6527,0.7559,0.7523
Prophet,S004,P0005,7,1148.1103,33.8838,27.3468,37.0419,31.7405,0.7804,0.4035
Prophet,S004,P0006,7,1931.8575,43.9529,34.4694,58.3225,37.5466,0.6932,0.5362
Prophet,S004,P0007,7,2691.8088,51.8826,41.0951,12367377694.1869,41.2921,0.7779,0.7557
Prophet,S004,P0008,7,730.425,27.0264,22.8277,55.67,38.3724,0.8329,0.5131
Prophet,S004,P0009,7,1857.024,43.0932,32.881,19435101200.6932,37.4234,0.7544,0.798
Prophet,S004,P0010,7,2207.0075,46.9788,39.8129,107.1143,39.8108,0.731,0.6074
Prophet,S004,P0011,7,2671.9575,51.691,36.8593,47.3412,35.9427,0.7901,0.5064
Prophet,S004,P0012,7,1277.1751,35.7376,28.1169,38.561,34.327,0.8893,0.4271
Prophet,S004,P0013,7,2368.6425,48.6687,39.0263,115.7977,40.707,0.7481,0.6811
Prophet,S004,P0014,7,1104.9977,33.2415,25.3104,59.0427,40.1297,0.7488,0.5563
Prophet,S004,P0015,7,1035.6645,32.1817,25.2389,57.5125,41.5417,0.771,0.5497
Prophet,S004,P0016,7,1009.9761,31.7801,25.4883,6938998172.2669,42.4148,0.7857,0.6964
Prophet,S004,P0017,7,1137.221,33.7227,26.2867,32.9565,28.6176,0.6959,0.3893
Prophet,S004,P0018,7,616.0228,24.8198,19.2558,48.5473,34.4782,0.6982,0.491
Prophet,S004,P0019,7,1288.7425,35.8991,28.3603,37.3765,29.695,0.754,0.4153
Prophet,S004,P0020,7,943.83,30.7218,23.4382,6394462531.9326,40.6351,0.7494,0.6916
Prophet,S005,P0001,7,2022.0797,44.9675,35.0068,11135733961.8055,38.8042,0.7118,0.7642
Prophet,S005,P0002,7,1630.6465,40.3813,32.5663,46.4755,38.2165,0.8016,0.4813
Prophet,S005,P0003,7,1364.8246,36.9435,29.3491,86.7563,42.2602,0.7983,0.6612
Prophet,S005,P0004,7,1638.7892,40.482,32.6269,48.7456,34.0323,0.7895,0.479
Prophet,S005,P0005,7,1727.6502,41.565,32.3417,22207623693.4315,35.6242,0.6984,0.8118
Prophet,S005,P0006,7,2370.3348,48.6861,37.7164,13073613839.7727,36.9994,0.733,0.6917
Prophet,S005,P0007,7,2041.2734,45.1805,35.0672,57.8049,36.7694,0.7109,0.516
Prophet,S005,P0008,7,1111.7174,33.3424,27.3389,38.1258,29.8789,0.6595,0.3962
Prophet,S005,P0009,7,2041.9853,45.1883,36.6664,23565128789.6695,38.2914,0.742,0.8234
Prophet,S005,P0010,7,2145.5922,46.3205,37.35,56.2454,37.9871,0.7077,0.526
Prophet,S005,P0011,7,1822.3491,42.689,33.9525,8009725053.0474,42.2063,0.851,0.7424
Prophet,S005,P0012,7,1232.3003,35.1041,26.9432,65.9802,40.1257,0.8566,0.5781
Prophet,S005,P0013,7,2247.964,47.4127,37.8093,12447037489.4233,40.3605,0.7346,0.7261
Prophet,S005,P0014,7,981.4753,31.3285,23.5168,6739518387.4752,37.2291,0.7364,0.6452
Prophet,S005,P0015,7,1885.9367,43.4274,35.613,12165741028.6164,38.452,0.7216,0.706
Prophet,S005,P0016,7,1733.3151,41.6331,34.1047,9348520433.6836,48.1339,0.7838,0.8646
Prophet,S005,P0017,7,1593.3166,39.9164,31.3285,92.7499,44.926,0.8384,0.7115
Prophet,S005,P0018,7,1216.8726,34.8837,27.881,33.5671,29.8015,0.6801,0.3691
Prophet,S005,P0019,7,1050.5154,32.4117,26.7031,62.0588,42.8551,0.8476,0.5649
Prophet,S005,P0020,7,843.7491,29.0474,22.9511,64.1501,35.5447,0.663,0.5659
Prophet,S001,P0001,14,1626.3068,40.3275,31.1849,46.7455,37.0531,0.8596,0.4865
Prophet,S001,P0002,14,1207.5032,34.7491,27.3163,39.0694,29.844,0.6782,0.4233
Prophet,S001,P0003,14,2250.1047,47.4353,37.7354,69.9035,34.9278,0.7045,0.5412
Prophet,S001,P0004,14,1381.416,37.1674,30.9062,9698956638.3389,41.53,0.8378,0.7311
Prophet,S001,P0005,14,1624.2816,40.3024,34.2933,42.3613,34.9855,0.6895,0.4267
Prophet,S001,P0006,14,1890.178,43.4762,31.6745,16926362070.897,46.3653,0.721,0.8993
Prophet,S001,P0007,14,3031.3792,55.058,45.342,91.1824,45.862,0.8671,0.675
Prophet,S001,P0008,14,991.5569,31.489,24.375,41.7225,33.5864,0.7493,0.445
Prophet,S001,P0009,14,2339.3376,48.3667,37.751,37.7371,34.1141,0.8943,0.4388
Prophet,S001,P0010,14,985.6642,31.3953,24.7333,48.4228,36.6165,0.7872,0.4935
Prophet,S001,P0011,14,997.6798,31.5861,24.2255,52.6571,38.0839,0.7574,0.5117
Prophet,S001,P0012,14,1928.824,43.9184,34.9198,61.436,37.229,0.7198,0.558
Prophet,S001,P0013,14,1136.8117,33.7166,28.0228,74.3464,43.0638,0.8033,0.6197
Prophet,S001,P0014,14,1778.9683,42.1778,34.0719,76.5525,36.7185,0.6824,0.5681
Prophet,S001,P0015,14,1148.4401,33.8886,27.0392,72.3418,39.3738,0.739,0.6
Prophet,S001,P0016,14,1935.5694,43.9951,34.2594,12327069039.702,37.4567,0.6194,0.7043
Prophet,S001,P0017,14,1174.2784,34.2677,26.965,102.9539,43.422,0.8008,0.7035
Prophet,S001,P0018,14,1394.1019,37.3377,30.7426,44.4244,33.0552,0.7385,0.44
Prophet,S001,P0019,14,896.3232,29.9387,24.7305,67.2185,42.1114,0.8653,0.5825
Prophet,S001,P0020,14,948.5625,30.7987,25.2729,68.6521,43.2652,0.751,0.5982
Prophet,S002,P0001,14,2678.2515,51.7518,41.2744,67.0647,42.1007,0.7778,0.5898
Prophet,S002,P0002,14,1683.1827,41.0266,33.9689,75.3799,44.9806,0.7841,0.6289
Prophet,S002,P0003,14,1747.5723,41.804,34.839,94.1133,40.1981,0.7116,0.6278
Prophet,S002,P0004,14,1736.3296,41.6693,33.9508,44.1265,33.8938,0.6856,0.4447
Prophet,S002,P0005,14,1584.559,39.8065,32.138,56.6976,38.9591,0.7917,0.5316
Prophet,S002,P0006,14,1157.9354,34.0284,25.4429,37.4027,29.7697,0.7439,0.4177
Prophet,S002,P0007,14,1833.1591,42.8154,35.1203,102.6216,47.4609,0.8381,0.7225
Prophet,S002,P0008,14,1308.1822,36.1688,28.453,45.3753,32.1162,0.701,0.4498
Prophet,S002,P0009,14,1845.0573,42.9541,35.8642,50.3567,36.7621,0.7445,0.4814
Prophet,S002,P0010,14,1188.9361,34.481,28.2253,31.6612,28.5223,0.7066,0.349
Prophet,S002,P0011,14,2203.9393,46.9461,37.3007,22558878887.4991,42.2736,0.7098,0.8707
Prophet,S002,P0012,14,1341.7921,36.6305,28.097,47.6776,35.2277,0.7171,0.4867
Prophet,S002,P0013,14,2005.8253,44.7864,36.9953,132.7269,41.2329,0.701,0.6912
Prophet,S002,P0014,14,1803.2348,42.4645,33.816,9168381004.434,45.026,0.8584,0.8243
Prophet,S002,P0015,14,1980.8504,44.5067,33.0621,21253552357.7831,36.2901,0.7417,0.8204
Prophet,S002,P0016,14,1970.8743,44.3945,34.2312,10895564042.7216,37.3803,0.8081,0.6603
Prophet,S002,P0017,14,1773.1036,42.1082,33.5655,9104772665.1162,48.8033,0.7797,0.8406
Prophet,S002,P0018,14,907.5264,30.1252,23.6425,38.5229,29.8788,0.7558,0.4113
Prophet,S002,P0019,14,1501.7629,38.7526,30.414,12165273512.881,33.5788,0.6802,0.6664
Prophet,S002,P0020,14,906.8667,30.1142,24.084,48.7506,39.614,0.7629,0.4884
Prophet,S003,P0001,14,1917.5899,43.7903,34.724,18102736028.3609,49.8581,0.8351,0.9368
Prophet,S003,P0002,14,2122.6657,46.0724,36.9268,13418763733.0599,40.3826,0.7168,0.7374
Prophet,S003,P0003,14,1329.3052,36.4596,29.1208,52.5026,34.7288,0.8071,0.512
Prophet,S003,P0004,14,2782.9645,52.7538,40.6545,12966048547.6113,41.1366,0.8194,0.7711
Prophet,S003,P0005,14,1936.1774,44.002,35.4278,10228765011.0964,47.9576,0.8053,0.8487
Prophet,S003,P0006,14,1327.7993,36.439,30.5784,87.1345,42.171,0.8417,0.6482
Prophet,S003,P0007,14,1944.9716,44.1018,32.7555,50.9753,33.0292,0.6426,0.5013
Prophet,S003,P0008,14,1504.9598,38.7938,30.8136,32.1009,30.7735,0.7262,0.3675
Prophet,S003,P0009,14,1559.9113,39.4957,31.2226,44.8357,34.766,0.8239,0.4631
Prophet,S003,P0010,14,1211.3471,34.8044,27.2917,66.5073,30.7308,0.6725,0.5082
Prophet,S003,P0011,14,1814.3335,42.595,35.3862,31933819950.6544,43.9281,0.8153,0.9732
Prophet,S003,P0012,14,1090.4764,33.0224,26.1293,7591078686.7064,41.0413,0.8235,0.6722
Prophet,S003,P0013,14,1929.8826,43.9304,33.8253,25745646982.8336,38.5054,0.6741,0.8973
Prophet,S003,P0014,14,2121.9993,46.0652,38.403,43.6935,35.6756,0.7959,0.4515
Prophet,S003,P0015,14,2090.1023,45.7176,36.3238,13594414562.5861,39.5743,0.667,0.831
Prophet,S003,P0016,14,1902.1387,43.6135,33.6867,48.3001,36.5904,0.7234,0.4971
Prophet,S003,P0017,14,1047.433,32.3641,25.5227,7668685774.475,42.675,0.8292,0.7478
Prophet,S003,P0018,14,973.098,31.1945,25.583,58.3192,40.5391,0.8287,0.5377
Prophet,S003,P0019,14,933.1496,30.5475,24.0945,35.9134,26.4753,0.6189,0.3825
Prophet,S003,P0020,14,2410.8912,49.1008,34.6739,30.3055,32.13,0.7695,0.4103
Prophet,S004,P0001,14,2289.2809,47.8464,36.2816,13681357085.8239,39.2093,0.733,0.8328
Prophet,S004,P0002,14,1964.1472,44.3187,34.8843,11333533635.735,42.1635,0.686,0.7934
Prophet,S004,P0003,14,1695.2323,41.1732,30.8985,74.0238,44.0943,0.8881,0.6258
Prophet,S004,P0004,14,2505.3528,50.0535,40.4516,12971924446.2995,40.0396,0.7566,0.7714
Prophet,S004,P0005,14,1189.8506,34.4942,27.76,37.7819,32.3136,0.7972,0.4105
Prophet,S004,P0006,14,1503.5998,38.7763,31.8403,50.5144,35.2989,0.6368,0.4836
Prophet,S004,P0007,14,2715.5568,52.111,41.6358,67.9577,40.7025,0.7885,0.5881
Prophet,S004,P0008,14,759.8083,27.5646,23.2807,58.5162,39.5381,0.8537,0.5288
Prophet,S004,P0009,14,1701.8518,41.2535,31.3249,20848238723.323,36.1401,0.7155,0.8098
Prophet,S004,P0010,14,2328.9514,48.2592,40.9503,114.3028,41.2162,0.7528,0.629
Prophet,S004,P0011,14,2805.5915,52.9678,37.4493,46.4372,35.7178,0.812,0.5082
Prophet,S004,P0012,14,1306.2299,36.1418,28.607,40.0039,35.1421,0.9135,0.437
Prophet,S004,P0013,14,2189.0811,46.7876,37.7243,119.249,39.8725,0.7192,0.6826
Prophet,S004,P0014,14,1164.3294,34.1223,25.9466,62.1421,41.3849,0.7654,0.5748
Prophet,S004,P0015,14,999.1367,31.6091,25.273,60.3096,42.5828,0.7737,0.561
Prophet,S004,P0016,14,1076.6646,32.8126,26.3205,7469974709.5971,43.8072,0.8103,0.7212
Prophet,S004,P0017,14,1199.5059,34.6339,27.0517,33.9812,29.4443,0.7175,0.3994
Prophet,S004,P0018,14,624.3858,24.9877,19.2769,51.0713,35.1391,0.7031,0.5052
Prophet,S004,P0019,14,1312.228,36.2247,28.6109,37.6992,29.7797,0.7593,0.4204
Prophet,S004,P0020,14,998.8843,31.6051,24.141,6921560306.4183,42.085,0.7684,0.7163
Prophet,S005,P0001,14,1869.2903,43.2353,34.5525,12063711789.1485,39.196,0.7009,0.7851
Prophet,S005,P0002,14,1716.8123,41.4344,33.2272,48.1669,39.0728,0.8135,0.4952
Prophet,S005,P0003,14,1413.2639,37.5934,30.0172,92.8555,43.6935,0.8161,0.6859
Prophet,S005,P0004,14,1692.1136,41.1353,33.0614,50.5333,34.598,0.8058,0.4905
Prophet,S005,P0005,14,1770.7675,42.0805,32.7173,23911578354.8468,36.5192,0.7045,0.841
Prophet,S005,P0006,14,2513.9906,50.1397,38.8492,14163081657.2004,37.948,0.7486,0.7149
Prophet,S005,P0007,14,2096.6147,45.7888,35.525,56.9078,36.4502,0.7226,0.5104
Prophet,S005,P0008,14,1138.7082,33.7448,27.6459,39.5628,30.4998,0.6676,0.4064
Prophet,S005,P0009,14,2097.3952,45.7973,36.9539,25439294380.9709,38.2975,0.7457,0.8465
Prophet,S005,P0010,14,2198.9534,46.893,37.8569,53.1972,37.721,0.716,0.5096
Prophet,S005,P0011,14,1930.2046,43.9341,34.7965,8677202137.8121,43.1067,0.8818,0.7672
Prophet,S005,P0012,14,1283.4714,35.8256,27.7545,51.7983,39.9919,0.8876,0.5283
Prophet,S005,P0013,14,2237.1754,47.2988,38.0227,59.6288,39.9378,0.7376,0.5491
Prophet,S005,P0014,14,1019.9423,31.9365,24.0542,7333718065.1016,38.5345,0.7535,0.6684
Prophet,S005,P0015,14,1941.7385,44.0652,36.3737,13179552779.3995,39.8448,0.7323,0.7305
Prophet,S005,P0016,14,1851.0673,43.024,35.43,10127563800.0584,49.7544,0.8163,0.8942
Prophet,S005,P0017,14,1642.4794,40.5275,31.6177,99.6142,46.0893,0.851,0.7373
Prophet,S005,P0018,14,1132.7615,33.6565,26.9837,33.2434,29.2163,0.6554,0.3613
Prophet,S005,P0019,14,1108.3817,33.2924,27.6288,66.3194,44.5518,0.8786,0.586
Prophet,S005,P0020,14,865.2804,29.4156,23.2463,66.8297,36.1227,0.6735,0.5787
Prophet,S001,P0001,28,1605.7766,40.0721,31.0472,46.6518,36.9134,0.8567,0.4847
Prophet,S001,P0002,28,1216.0783,34.8723,27.2866,39.1537,29.8026,0.677,0.425
Prophet,S001,P0003,28,2275.921,47.7066,37.9502,69.9634,35.1332,0.7134,0.5427
Prophet,S001,P0004,28,1352.1732,36.7719,30.4727,9687406011.4443,41.011,0.8254,0.7292
Prophet,S001,P0005,28,1627.388,40.3409,34.2935,42.5076,34.979,0.6845,0.4277
Prophet,S001,P0006,28,1930.7636,43.9405,32.0761,16846090247.2079,46.85,0.7254,0.9032
Prophet,S001,P0007,28,3061.4163,55.3301,45.6682,92.587,46.0736,0.87,0.6796
Prophet,S001,P0008,28,976.0826,31.2423,24.1691,41.4768,33.3225,0.7456,0.4423
Prophet,S001,P0009,28,2384.7322,48.8337,38.225,37.9709,34.5654,0.9027,0.4423
Prophet,S001,P0010,28,1020.5821,31.9466,25.1231,48.8401,37.1374,0.8032,0.4993
Prophet,S001,P0011,28,976.0527,31.2418,24.1667,52.721,38.0474,0.7518,0.509
Prophet,S001,P0012,28,1951.9225,44.1806,35.1083,61.8688,37.3797,0.7275,0.5607
Prophet,S001,P0013,28,1136.1626,33.707,28.1611,74.8769,43.2369,0.8094,0.6209
Prophet,S001,P0014,28,1770.7177,42.0799,34.1027,76.8282,36.7495,0.6817,0.5683
Prophet,S001,P0015,28,1128.817,33.5979,26.7589,72.0493,39.0059,0.7339,0.5975
Prophet,S001,P0016,28,1941.7348,44.0651,34.2499,12807078934.2576,37.3879,0.6136,0.7079
Prophet,S001,P0017,28,1158.9441,34.0433,26.9052,103.1378,43.3445,0.8027,0.7026
Prophet,S001,P0018,28,1410.5598,37.5574,30.8907,44.8887,33.1773,0.7386,0.4429
Prophet,S001,P0019,28,900.2473,30.0041,24.7566,67.343,42.1287,0.8652,0.5832
Prophet,S001,P0020,28,951.7845,30.851,25.2073,69.0806,43.1145,0.7484,0.6004
Prophet,S002,P0001,28,2650.0182,51.4783,41.1601,67.0586,42.0143,0.7772,0.5887
Prophet,S002,P0002,28,1704.9801,41.2914,34.4147,76.3024,45.4807,0.7929,0.6324
Prophet,S002,P0003,28,1781.3924,42.2065,35.4005,95.2646,40.7039,0.724,0.6319
Prophet,S002,P0004,28,1726.2681,41.5484,33.8919,44.1883,33.8391,0.6812,0.4443
Prophet,S002,P0005,28,1586.9461,39.8365,32.221,57.1082,39.0282,0.7954,0.533
Prophet,S002,P0006,28,1153.9395,33.9697,25.3134,36.9851,29.6287,0.7414,0.4159
Prophet,S002,P0007,28,1855.8645,43.0797,35.2837,103.2574,47.6061,0.8431,0.7259
Prophet,S002,P0008,28,1324.4783,36.3934,28.8001,46.1293,32.4283,0.7113,0.4532
Prophet,S002,P0009,28,1842.9918,42.9301,35.9091,50.7379,36.7771,0.7436,0.4825
Prophet,S002,P0010,28,1189.4817,34.4889,28.1734,31.5929,28.4702,0.6995,0.3489
Prophet,S002,P0011,28,2211.0725,47.022,37.2905,22617089779.7069,42.2542,0.7102,0.8712
Prophet,S002,P0012,28,1365.7603,36.9562,28.3796,48.0887,35.5536,0.7205,0.4901
Prophet,S002,P0013,28,2014.5293,44.8835,36.6379,139.9265,40.7355,0.6909,0.6992
Prophet,S002,P0014,28,1774.5975,42.126,33.5384,9517822139.4064,44.6647,0.8523,0.8252
Prophet,S002,P0015,28,1990.7124,44.6174,33.1339,21213697153.728,36.3646,0.7454,0.8208
Prophet,S002,P0016,28,1998.4191,44.7037,34.4552,10895564042.7681,37.6357,0.8144,0.6622
Prophet,S002,P0017,28,1754.9072,41.8916,33.2885,9667710849.6613,48.3879,0.7756,0.8424
Prophet,S002,P0018,28,906.3319,30.1053,23.6219,38.4054,29.8687,0.7569,0.4106
Prophet,S002,P0019,28,1500.6303,38.738,30.4544,12114626763.7303,33.6382,0.6837,0.6654
Prophet,S002,P0020,28,905.7,30.0949,24.1355,48.848,39.7213,0.7692,0.4881
Prophet,S003,P0001,28,1910.6015,43.7104,34.6474,18102736028.3172,49.7755,0.8385,0.9364
Prophet,S003,P0002,28,2140.1269,46.2615,37.1296,13418763733.5925,40.5455,0.7164,0.7393
Prophet,S003,P0003,28,1368.2559,36.9899,29.4939,53.4439,35.0451,0.8198,0.5185
Prophet,S003,P0004,28,2781.482,52.7398,40.8837,13671129229.7664,41.2982,0.8244,0.7752
Prophet,S003,P0005,28,1909.9403,43.7029,35.1642,10228765010.8941,47.6667,0.7981,0.8471
Prophet,S003,P0006,28,1329.5427,36.4629,30.6775,87.3791,42.2794,0.8436,0.6488
Prophet,S003,P0007,28,1947.4155,44.1295,32.6218,50.99,32.8938,0.6392,0.5019
Prophet,S003,P0008,28,1510.1007,38.86,30.8695,32.0855,30.8334,0.7327,0.3678
Prophet,S003,P0009,28,1575.2831,39.6898,31.4123,45.1485,34.9433,0.8234,0.4652
Prophet,S003,P0010,28,1220.0121,34.9287,27.4521,67.1669,30.8681,0.6762,0.5102
Prophet,S003,P0011,28,1837.8215,42.8698,35.5812,32186267696.7722,44.0914,0.8197,0.976
Prophet,S003,P0012,28,1093.1532,33.0629,26.146,7555765341.0152,41.0676,0.8222,0.6726
Prophet,S003,P0013,28,1954.6446,44.2114,34.0638,26583988190.1879,38.617,0.6764,0.9025
Prophet,S003,P0014,28,2115.8362,45.9982,38.2008,43.4672,35.4865,0.7913,0.4509
Prophet,S003,P0015,28,2089.1956,45.7077,36.4348,13832143169.0599,39.6183,0.6657,0.8331
Prophet,S003,P0016,28,1905.7607,43.655,33.4779,47.96,36.3739,0.7192,0.4965
Prophet,S003,P0017,28,1037.6037,32.2119,25.3927,8065488786.5192,42.4355,0.8274,0.749
Prophet,S003,P0018,28,970.9616,31.1603,25.5916,58.4308,40.5445,0.8268,0.5375
Prophet,S003,P0019,28,917.5766,30.2915,23.7804,35.6948,26.1619,0.6072,0.3808
Prophet,S003,P0020,28,2485.8492,49.8583,35.1185,30.3284,32.5968,0.7863,0.4173
Prophet,S004,P0001,28,2311.4375,48.0774,36.3812,13681357087.0805,39.2448,0.7372,0.8353
Prophet,S004,P0002,28,1987.9706,44.5867,35.1143,11587239220.9078,42.3151,0.6892,0.7978
Prophet,S004,P0003,28,1727.3776,41.5617,31.2006,74.75,44.4526,0.8935,0.6308
Prophet,S004,P0004,28,2459.9213,49.5976,39.8644,13233561335.156,39.5037,0.7419,0.7707
Prophet,S004,P0005,28,1200.0383,34.6416,27.9687,37.8237,32.5663,0.7999,0.4112
Prophet,S004,P0006,28,1542.0303,39.2687,32.2948,51.2961,35.7154,0.6415,0.4886
Prophet,S004,P0007,28,2742.2872,52.3669,41.8534,68.105,40.8807,0.7923,0.5896
Prophet,S004,P0008,28,752.5015,27.4318,23.1506,58.4857,39.3338,0.8486,0.5278
Prophet,S004,P0009,28,1711.2998,41.3679,31.4199,20848238723.3662,36.2376,0.7229,0.8103
Prophet,S004,P0010,28,2329.5314,48.2652,40.9021,114.501,41.1578,0.7529,0.6297
Prophet,S004,P0011,28,2820.5506,53.1089,37.4646,45.8493,35.7596,0.8069,0.5076
Prophet,S004,P0012,28,1325.9257,36.4133,28.7833,40.216,35.3519,0.9195,0.4403
Prophet,S004,P0013,28,2183.5886,46.7289,37.7808,117.8864,39.973,0.7191,0.6803
Prophet,S004,P0014,28,1153.7021,33.9662,25.8441,62.1803,41.2281,0.766,0.5737
Prophet,S004,P0015,28,999.9506,31.622,25.3621,60.7865,42.7073,0.7767,0.5626
Prophet,S004,P0016,28,1069.8941,32.7092,26.3578,7469974709.3845,43.8998,0.8108,0.7195
Prophet,S004,P0017,28,1205.2093,34.7161,27.0044,33.7173,29.3991,0.7123,0.3991
Prophet,S004,P0018,28,636.531,25.2296,19.4438,51.5004,35.4109,0.7093,0.509
Prophet,S004,P0019,28,1304.8509,36.1227,28.6284,36.9576,29.8515,0.7546,0.4162
Prophet,S004,P0020,28,991.2016,31.4834,24.1292,6921560306.331,42.0797,0.764,0.7148
Prophet,S005,P0001,28,1887.266,43.4427,34.7486,12063711789.6629,39.351,0.7022,0.7868
Prophet,S005,P0002,28,1755.9435,41.904,33.6723,49.1412,39.5121,0.8259,0.5016
Prophet,S005,P0003,28,1446.5317,38.0333,30.2886,94.7426,43.9517,0.8258,0.6921
Prophet,S005,P0004,28,1671.1955,40.8803,32.8778,50.818,34.4171,0.8063,0.4904
Prophet,S005,P0005,28,1760.5466,41.9589,32.9354,23956145293.8711,36.7417,0.7089,0.8414
Prophet,S005,P0006,28,2540.4671,50.403,39.2851,14163081657.853,38.3166,0.7633,0.717
Prophet,S005,P0007,28,2094.6975,45.7679,35.4923,56.987,36.4034,0.7173,0.5107
Prophet,S005,P0008,28,1101.806,33.1935,27.0703,39.4413,29.9158,0.6496,0.4041
Prophet,S005,P0009,28,2088.6145,45.7014,36.8257,25414816718.0196,38.1695,0.7382,0.8467
Prophet,S005,P0010,28,2198.2211,46.8852,37.8852,53.6595,37.7225,0.7236,0.5111
Prophet,S005,P0011,28,1910.7898,43.7126,34.7869,8677202137.8513,43.1116,0.8792,0.766
Prophet,S005,P0012,28,1266.564,35.5888,27.6254,51.7107,39.8046,0.8864,0.5257
Prophet,S005,P0013,28,2237.7115,47.3045,38.2023,60.0103,40.0827,0.741,0.5499
Prophet,S005,P0014,28,1020.3963,31.9436,24.0736,7333718065.2397,38.5634,0.7544,0.6685
Prophet,S005,P0015,28,1978.9973,44.4859,37.0688,13179552780.8301,40.4519,0.7444,0.7345
Prophet,S005,P0016,28,1827.5259,42.7496,35.096,10127563799.8774,49.3463,0.8128,0.8929
Prophet,S005,P0017,28,1642.0471,40.5222,31.808,100.3096,46.3194,0.8599,0.7384
Prophet,S005,P0018,28,1134.6626,33.6848,27.012,33.3191,29.2456,0.6603,0.3619
Prophet,S005,P0019,28,1109.2424,33.3053,27.7613,67.0602,44.7274,0.8775,0.5881
Prophet,S005,P0020,28,857.3904,29.2812,23.2447,66.9873,36.1252,0.6759,0.5779
