model,store,product,horizon,smape,mase,rmse,rmsle
SNaive,S001,P0001,7,52.6184,1.2357,55.219,0.6898
SNaive,S001,P0002,7,45.2455,1.0268,49.8778,0.6131
SNaive,S001,P0003,7,51.6423,1.0623,67.8545,0.7662
SNaive,S001,P0004,7,51.1517,1.0192,47.7645,0.9034
SNaive,S001,P0005,7,41.8805,0.8488,52.6316,0.5405
SNaive,S001,P0006,7,57.18,0.8745,51.19,1.1715
SNaive,S001,P0007,7,59.0386,1.1108,77.4194,0.8737
SNaive,S001,P0008,7,44.0018,1.0179,43.3345,0.5826
SNaive,S001,P0009,7,40.8077,1.0728,57.2099,0.5558
SNaive,S001,P0010,7,45.2732,1.0008,39.0663,0.5924
SNaive,S001,P0011,7,48.9205,1.015,43.5803,0.6535
SNaive,S001,P0012,7,52.6935,1.0305,60.9277,0.7155
SNaive,S001,P0013,7,49.2408,0.9278,41.2676,0.6972
SNaive,S001,P0014,7,51.4841,0.9587,59.8767,0.7961
SNaive,S001,P0015,7,51.6819,0.9931,45.727,0.773
SNaive,S001,P0016,7,50.2836,0.8315,58.8227,0.9141
SNaive,S001,P0017,7,53.9039,0.9652,41.9878,0.8311
SNaive,S001,P0018,7,43.1667,0.9915,52.9284,0.5839
SNaive,S001,P0019,7,49.3399,1.0649,38.8191,0.6843
SNaive,S001,P0020,7,54.6238,0.9922,40.5129,0.7156
SNaive,S002,P0001,7,56.5064,1.0612,69.4341,0.743
SNaive,S002,P0002,7,56.3556,0.989,53.09,0.7728
SNaive,S002,P0003,7,49.9284,0.8704,53.7166,0.8136
SNaive,S002,P0004,7,43.0975,0.8595,53.6589,0.5607
SNaive,S002,P0005,7,51.9034,1.1078,55.8315,0.7044
SNaive,S002,P0006,7,44.7825,1.1584,51.0164,0.6168
SNaive,S002,P0007,7,62.5246,1.1151,56.4543,0.871
SNaive,S002,P0008,7,41.0504,0.9208,49.9016,0.5974
SNaive,S002,P0009,7,47.9514,0.9847,61.6882,0.8128
SNaive,S002,P0010,7,39.7702,0.9987,49.3256,0.491
SNaive,S002,P0011,7,67.2188,1.1307,71.3923,1.3305
SNaive,S002,P0012,7,43.8118,0.8824,41.8524,0.5534
SNaive,S002,P0013,7,44.94,0.7524,50.9083,0.7066
SNaive,S002,P0014,7,60.307,1.1004,55.0781,1.0447
SNaive,S002,P0015,7,54.0428,1.0602,58.0532,1.1405
SNaive,S002,P0016,7,49.8002,1.076,55.2827,0.8667
SNaive,S002,P0017,7,60.996,0.9604,52.1832,1.0426
SNaive,S002,P0018,7,39.9991,1.0151,39.7567,0.524
SNaive,S002,P0019,7,49.1108,0.9905,56.8138,0.9362
SNaive,S002,P0020,7,50.1704,1.0364,42.8468,0.6549
SNaive,S003,P0001,7,68.1929,1.238,66.1667,1.411
SNaive,S003,P0002,7,52.1033,0.9139,61.3296,0.8979
SNaive,S003,P0003,7,41.5266,0.954,42.4224,0.5968
SNaive,S003,P0004,7,58.4669,1.1326,68.6855,1.0095
SNaive,S003,P0005,7,60.5566,1.0225,56.4188,0.9781
SNaive,S003,P0006,7,52.5032,1.0483,46.291,0.7662
SNaive,S003,P0007,7,45.9506,0.8763,57.9049,0.6515
SNaive,S003,P0008,7,39.5972,0.9675,51.853,0.509
SNaive,S003,P0009,7,44.5936,1.0821,51.6983,0.6083
SNaive,S003,P0010,7,44.9235,0.9643,49.3199,0.7052
SNaive,S003,P0011,7,62.1426,1.1472,61.7304,1.3982
SNaive,S003,P0012,7,48.3838,1.0244,41.5979,0.8989
SNaive,S003,P0013,7,55.1598,0.9131,57.6686,1.1487
SNaive,S003,P0014,7,48.1919,1.0538,61.7145,0.6272
SNaive,S003,P0015,7,59.9518,0.9889,64.2796,1.1061
SNaive,S003,P0016,7,46.1607,0.9523,58.1166,0.6352
SNaive,S003,P0017,7,56.3144,1.067,40.5708,0.8763
SNaive,S003,P0018,7,42.0873,0.8674,37.2095,0.6346
SNaive,S003,P0019,7,35.7609,0.8214,39.3386,0.5022
SNaive,S003,P0020,7,43.5281,1.0556,60.9438,0.5362
SNaive,S004,P0001,7,55.4176,1.0138,64.6793,1.1116
SNaive,S004,P0002,7,57.985,0.8945,56.0708,1.018
SNaive,S004,P0003,7,62.0983,1.292,57.7201,0.8404
SNaive,S004,P0004,7,50.0097,0.9644,69.1716,1.0695
SNaive,S004,P0005,7,38.2475,0.948,42.8035,0.5152
SNaive,S004,P0006,7,42.6351,0.7786,51.5657,0.5797
SNaive,S004,P0007,7,60.2748,1.141,73.3429,0.8972
SNaive,S004,P0008,7,47.8314,1.03,34.5707,0.6413
SNaive,S004,P0009,7,48.2957,1.0063,58.0232,1.1509
SNaive,S004,P0010,7,59.4624,1.0652,68.0569,0.9546
SNaive,S004,P0011,7,47.0945,1.0625,67.2675,0.7049
SNaive,S004,P0012,7,43.5912,1.1674,46.1089,0.5463
SNaive,S004,P0013,7,58.5402,1.0433,66.2472,1.0677
SNaive,S004,P0014,7,48.1673,0.9116,41.8149,0.6762
SNaive,S004,P0015,7,49.0651,0.9081,38.4792,0.6504
SNaive,S004,P0016,7,55.7317,1.0511,43.1813,0.9553
SNaive,S004,P0017,7,41.89,1.0287,48.3383,0.5683
SNaive,S004,P0018,7,45.6022,0.9192,31.7014,0.6296
SNaive,S004,P0019,7,38.0604,0.9443,48.9687,0.6091
SNaive,S004,P0020,7,54.4385,1.0158,42.4309,0.9381
SNaive,S005,P0001,7,52.7305,0.929,60.2009,0.9905
SNaive,S005,P0002,7,50.1162,1.099,55.9964,0.6538
SNaive,S005,P0003,7,54.7085,1.0121,47.0996,0.7656
SNaive,S005,P0004,7,45.2992,1.0301,55.2226,0.6499
SNaive,S005,P0005,7,50.7505,0.9776,57.3315,1.1168
SNaive,S005,P0006,7,49.2101,0.9975,68.9817,0.9933
SNaive,S005,P0007,7,43.679,0.8895,60.0459,0.6568
SNaive,S005,P0008,7,37.9313,0.8342,43.2695,0.4936
SNaive,S005,P0009,7,52.3244,1.0216,66.385,1.1719
SNaive,S005,P0010,7,47.9957,0.9085,61.042,0.6499
SNaive,S005,P0011,7,54.9094,1.1191,56.3399,0.9431
SNaive,S005,P0012,7,53.1579,1.1557,45.3092,0.7388
SNaive,S005,P0013,7,56.4919,1.0213,64.2505,0.8634
SNaive,S005,P0014,7,51.1381,1.0337,42.5996,0.907
SNaive,S005,P0015,7,48.741,0.9024,58.0257,0.9281
SNaive,S005,P0016,7,69.4726,1.1272,60.0563,1.3121
SNaive,S005,P0017,7,57.8086,1.0846,50.3862,0.8604
SNaive,S005,P0018,7,40.8591,0.9533,47.9911,0.5028
SNaive,S005,P0019,7,48.6664,0.9942,41.6271,0.7014
SNaive,S005,P0020,7,51.7831,0.9689,40.5135,0.7256
SNaive,S001,P0001,14,51.606,1.2299,57.001,0.7075
SNaive,S001,P0002,14,43.9558,0.9973,49.1688,0.6179
SNaive,S001,P0003,14,45.1358,0.9161,58.9352,0.6295
SNaive,S001,P0004,14,60.7328,1.2105,56.1841,1.1166
SNaive,S001,P0005,14,43.3014,0.8691,52.3854,0.5423
SNaive,S001,P0006,14,62.9243,0.9758,56.1752,1.1058
SNaive,S001,P0007,14,56.985,1.0759,73.7422,0.7848
SNaive,S001,P0008,14,47.544,1.1103,46.8709,0.6254
SNaive,S001,P0009,14,43.6724,1.2042,64.2686,0.5937
SNaive,S001,P0010,14,48.7929,1.0784,42.6749,0.6663
SNaive,S001,P0011,14,53.7666,1.0798,42.6934,0.6908
SNaive,S001,P0012,14,47.4493,0.9134,55.619,0.6739
SNaive,S001,P0013,14,58.5436,1.0818,46.365,0.7986
SNaive,S001,P0014,14,50.9593,0.9201,59.8704,0.8191
SNaive,S001,P0015,14,62.1443,1.157,52.8759,0.9806
SNaive,S001,P0016,14,45.7534,0.7527,52.8016,0.711
SNaive,S001,P0017,14,64.4007,1.1876,50.6781,1.0853
SNaive,S001,P0018,14,44.2986,0.9957,51.8365,0.5784
SNaive,S001,P0019,14,56.1681,1.1872,42.019,0.7641
SNaive,S001,P0020,14,58.3739,1.0192,42.125,0.7719
SNaive,S002,P0001,14,53.8517,0.9811,64.2609,0.7365
SNaive,S002,P0002,14,64.8074,1.1399,59.8669,0.9008
SNaive,S002,P0003,14,47.2996,0.8488,53.7692,0.7114
SNaive,S002,P0004,14,50.5704,1.0061,61.3457,0.6663
SNaive,S002,P0005,14,53.1978,1.0936,56.3551,0.7282
SNaive,S002,P0006,14,45.8081,1.2346,53.2106,0.6185
SNaive,S002,P0007,14,65.3878,1.165,58.2868,0.9522
SNaive,S002,P0008,14,44.8307,1.0131,53.7534,0.6001
SNaive,S002,P0009,14,46.4158,0.9606,61.7322,0.6521
SNaive,S002,P0010,14,38.9457,0.982,48.3321,0.4811
SNaive,S002,P0011,14,66.348,1.0485,67.64,1.4026
SNaive,S002,P0012,14,46.3545,0.9432,45.7506,0.5932
SNaive,S002,P0013,14,48.1834,0.8229,53.4943,0.7625
SNaive,S002,P0014,14,66.1193,1.2944,64.7893,0.9816
SNaive,S002,P0015,14,61.37,1.1758,65.2078,1.2296
SNaive,S002,P0016,14,49.1604,1.0087,52.6822,0.9401
SNaive,S002,P0017,14,72.2387,1.1642,62.9832,1.1149
SNaive,S002,P0018,14,37.7818,0.9769,39.1962,0.5066
SNaive,S002,P0019,14,44.3636,0.9036,50.7438,0.733
SNaive,S002,P0020,14,57.8926,1.2086,47.4227,0.7215
SNaive,S003,P0001,14,78.7697,1.3559,70.857,1.5854
SNaive,S003,P0002,14,57.2347,0.9505,61.6871,1.0455
SNaive,S003,P0003,14,36.1602,0.8724,38.8265,0.52
SNaive,S003,P0004,14,62.4826,1.2491,75.7259,1.0061
SNaive,S003,P0005,14,70.6377,1.1346,60.1099,1.0899
SNaive,S003,P0006,14,57.3849,1.1067,47.9195,0.8624
SNaive,S003,P0007,14,44.0785,0.8872,58.6331,0.6282
SNaive,S003,P0008,14,38.63,0.9503,50.7195,0.4805
SNaive,S003,P0009,14,48.7035,1.1478,52.1153,0.6218
SNaive,S003,P0010,14,44.0427,0.9524,49.4338,0.7317
SNaive,S003,P0011,14,60.2633,1.0546,58.1012,1.381
SNaive,S003,P0012,14,50.5802,1.0756,42.1733,0.7882
SNaive,S003,P0013,14,50.9396,0.8482,52.7978,0.9444
SNaive,S003,P0014,14,49.6729,1.113,64.9911,0.6391
SNaive,S003,P0015,14,55.8425,0.8829,58.7844,0.9547
SNaive,S003,P0016,14,50.4499,0.998,59.8953,0.6923
SNaive,S003,P0017,14,64.0663,1.24,45.6714,0.9055
SNaive,S003,P0018,14,45.7754,0.9564,37.6927,0.6239
SNaive,S003,P0019,14,38.4418,0.8886,42.3002,0.5121
SNaive,S003,P0020,14,42.9081,0.9981,58.7253,0.5413
SNaive,S004,P0001,14,50.5264,0.9597,63.1038,1.0826
SNaive,S004,P0002,14,60.0604,0.8884,55.9793,1.0173
SNaive,S004,P0003,14,64.5233,1.3732,60.3992,0.8547
SNaive,S004,P0004,14,55.1914,1.0984,77.3667,1.1627
SNaive,S004,P0005,14,38.4348,0.9917,45.0115,0.524
SNaive,S004,P0006,14,40.7264,0.7698,49.9296,0.5535
SNaive,S004,P0007,14,57.22,1.1904,80.0177,0.8109
SNaive,S004,P0008,14,56.2542,1.1891,38.6954,0.7275
SNaive,S004,P0009,14,50.6157,1.0785,61.2392,1.1264
SNaive,S004,P0010,14,58.1368,1.0586,70.9264,1.077
SNaive,S004,P0011,14,45.7535,1.1019,71.1403,0.6915
SNaive,S004,P0012,14,41.6973,1.1493,46.4985,0.5376
SNaive,S004,P0013,14,60.2998,1.0894,69.1077,1.1109
SNaive,S004,P0014,14,53.4264,1.0129,46.3917,0.7433
SNaive,S004,P0015,14,50.6111,0.9111,38.5079,0.7371
SNaive,S004,P0016,14,67.8667,1.2689,50.4149,1.1829
SNaive,S004,P0017,14,45.1732,1.084,49.6064,0.5996
SNaive,S004,P0018,14,46.9495,0.9401,32.98,0.6946
SNaive,S004,P0019,14,36.1687,0.9324,47.751,0.5817
SNaive,S004,P0020,14,69.9516,1.2699,50.2393,1.1441
SNaive,S005,P0001,14,54.9261,0.9367,57.5066,1.1516
SNaive,S005,P0002,14,55.6935,1.2041,60.3296,0.7154
SNaive,S005,P0003,14,49.4009,0.9234,44.1376,0.7614
SNaive,S005,P0004,14,46.8524,1.0957,58.3444,0.6719
SNaive,S005,P0005,14,57.2694,1.0833,62.4984,1.1984
SNaive,S005,P0006,14,43.7858,0.9949,70.0261,0.8047
SNaive,S005,P0007,14,47.7974,0.9367,61.9576,0.7523
SNaive,S005,P0008,14,41.1196,0.8929,44.8986,0.5125
SNaive,S005,P0009,14,52.3051,1.0613,66.3002,0.9664
SNaive,S005,P0010,14,49.2288,0.998,68.8681,0.6826
SNaive,S005,P0011,14,60.5571,1.2611,61.5568,0.8919
SNaive,S005,P0012,14,53.159,1.181,44.5213,0.6839
SNaive,S005,P0013,14,55.1654,0.9923,62.3618,0.714
SNaive,S005,P0014,14,57.0421,1.152,47.7303,1.0689
SNaive,S005,P0015,14,48.9772,0.8875,58.6035,0.8605
SNaive,S005,P0016,14,78.5329,1.297,67.6955,1.4295
SNaive,S005,P0017,14,70.4109,1.3204,60.6651,1.1312
SNaive,S005,P0018,14,36.3278,0.8377,42.755,0.4443
SNaive,S005,P0019,14,52.8364,0.9982,41.4021,0.8239
SNaive,S005,P0020,14,60.7747,1.1309,45.6606,0.8652
SNaive,S001,P0001,28,47.1893,1.1484,53.366,0.6412
SNaive,S001,P0002,28,42.9777,1.0037,51.3499,0.5951
SNaive,S001,P0003,28,39.0894,0.764,49.2912,0.5664
SNaive,S001,P0004,28,57.5971,1.0799,50.9492,1.244
SNaive,S001,P0005,28,46.8793,0.9659,58.9446,0.5973
SNaive,S001,P0006,28,61.3504,0.9415,55.3055,1.0337
SNaive,S001,P0007,28,56.3387,1.0781,73.245,0.8015
SNaive,S001,P0008,28,49.0737,1.1715,49.7408,0.6485
SNaive,S001,P0009,28,41.8306,1.1447,59.806,0.5506
SNaive,S001,P0010,28,44.4179,1.0565,41.8944,0.6043
SNaive,S001,P0011,28,51.0337,1.0795,41.4569,0.6265
SNaive,S001,P0012,28,45.0448,0.8767,52.4713,0.6123
SNaive,S001,P0013,28,51.4378,1.0107,42.6899,0.7101
SNaive,S001,P0014,28,54.7315,0.975,60.7464,0.8621
SNaive,S001,P0015,28,51.8088,1.0292,47.6725,0.7772
SNaive,S001,P0016,28,43.7715,0.713,50.167,0.7036
SNaive,S001,P0017,28,46.8939,0.9288,39.4542,0.7816
SNaive,S001,P0018,28,44.9592,1.0333,55.411,0.6172
SNaive,S001,P0019,28,53.5788,1.1924,43.3241,0.7655
SNaive,S001,P0020,28,53.0052,0.9907,41.3497,0.7176
SNaive,S002,P0001,28,60.783,1.1066,70.5648,0.8148
SNaive,S002,P0002,28,57.0444,1.0587,56.9668,0.8165
SNaive,S002,P0003,28,46.4832,0.8271,52.0319,0.7059
SNaive,S002,P0004,28,47.137,0.943,58.6132,0.6301
SNaive,S002,P0005,28,51.597,1.0776,52.2591,0.6487
SNaive,S002,P0006,28,44.0623,1.1244,48.8661,0.5812
SNaive,S002,P0007,28,67.0817,1.2719,63.9348,1.0078
SNaive,S002,P0008,28,45.7315,1.0667,53.893,0.5901
SNaive,S002,P0009,28,45.7183,0.9691,62.6138,0.6474
SNaive,S002,P0010,28,38.2495,0.9112,46.5287,0.487
SNaive,S002,P0011,28,67.9175,1.1019,72.6918,1.4272
SNaive,S002,P0012,28,47.4519,1.0234,50.7407,0.6048
SNaive,S002,P0013,28,45.5344,0.7547,48.8728,0.6487
SNaive,S002,P0014,28,65.4402,1.2667,62.288,1.0148
SNaive,S002,P0015,28,62.0116,1.049,58.5923,1.3946
SNaive,S002,P0016,28,48.3843,1.0448,54.5273,0.7555
SNaive,S002,P0017,28,63.1556,1.1084,60.8466,1.0256
SNaive,S002,P0018,28,39.0544,0.9761,38.6398,0.5194
SNaive,S002,P0019,28,43.0015,0.8692,48.3004,0.7728
SNaive,S002,P0020,28,63.2045,1.3905,53.8633,0.7981
SNaive,S003,P0001,28,69.4469,1.3414,70.5711,1.4768
SNaive,S003,P0002,28,55.713,0.9874,65.2569,0.8769
SNaive,S003,P0003,28,38.3277,0.9338,41.4031,0.5376
SNaive,S003,P0004,28,54.9921,1.1917,75.0514,0.9241
SNaive,S003,P0005,28,59.8621,1.0713,56.4534,0.917
SNaive,S003,P0006,28,48.2134,0.9798,42.573,0.6745
SNaive,S003,P0007,28,37.9027,0.8027,57.9097,0.5729
SNaive,S003,P0008,28,38.0604,0.9486,51.0759,0.4842
SNaive,S003,P0009,28,45.0724,1.0679,50.8049,0.6035
SNaive,S003,P0010,28,46.813,1.0056,51.4995,0.8319
SNaive,S003,P0011,28,56.3127,1.0128,56.6736,1.4257
SNaive,S003,P0012,28,47.8,1.101,43.3575,0.7605
SNaive,S003,P0013,28,50.1174,0.8777,55.0029,1.0105
SNaive,S003,P0014,28,45.968,1.0255,58.0046,0.5476
SNaive,S003,P0015,28,54.2099,0.9007,63.8183,1.0543
SNaive,S003,P0016,28,47.3511,1.0046,62.8984,0.6265
SNaive,S003,P0017,28,51.6674,1.1326,44.4458,0.8838
SNaive,S003,P0018,28,45.9207,0.9877,38.3986,0.6053
SNaive,S003,P0019,28,38.2179,0.8657,40.5339,0.491
SNaive,S003,P0020,28,46.8382,1.0711,61.8208,0.6116
SNaive,S004,P0001,28,59.3793,1.1985,76.7867,1.3779
SNaive,S004,P0002,28,67.9983,1.0611,66.4746,1.1992
SNaive,S004,P0003,28,60.5612,1.3593,61.0918,0.8152
SNaive,S004,P0004,28,59.5439,1.1642,81.9898,1.4058
SNaive,S004,P0005,28,41.3212,1.0755,47.3232,0.5453
SNaive,S004,P0006,28,44.7634,0.8261,53.152,0.6229
SNaive,S004,P0007,28,55.0808,1.1065,76.3624,0.8192
SNaive,S004,P0008,28,50.3537,1.1722,38.5138,0.6553
SNaive,S004,P0009,28,52.2064,1.1542,61.5322,0.9348
SNaive,S004,P0010,28,63.0887,1.067,70.6914,1.2492
SNaive,S004,P0011,28,44.9948,1.0623,66.8346,0.6604
SNaive,S004,P0012,28,43.7114,1.2615,50.6718,0.5737
SNaive,S004,P0013,28,66.4302,1.1529,74.5708,1.2828
SNaive,S004,P0014,28,51.4856,1.0105,46.4266,0.7236
SNaive,S004,P0015,28,49.2914,0.9129,40.0336,0.8229
SNaive,S004,P0016,28,62.2104,1.2106,46.8493,0.9378
SNaive,S004,P0017,28,39.8959,0.9675,46.4034,0.5474
SNaive,S004,P0018,28,44.4287,0.9585,33.644,0.6389
SNaive,S004,P0019,28,38.1681,0.9348,46.1299,0.6051
SNaive,S004,P0020,28,60.0083,1.0823,42.7497,0.8911
SNaive,S005,P0001,28,55.5978,0.9549,56.9213,1.2573
SNaive,S005,P0002,28,54.6932,1.1788,59.9691,0.7245
SNaive,S005,P0003,28,47.7934,0.9423,44.6666,0.7799
SNaive,S005,P0004,28,43.8064,1.1428,60.0605,0.6088
SNaive,S005,P0005,28,48.6061,1.0045,57.438,0.8695
SNaive,S005,P0006,28,50.8999,1.1988,78.2469,0.8536
SNaive,S005,P0007,28,41.4477,0.8368,56.7515,0.594
SNaive,S005,P0008,28,43.7477,0.9228,47.0053,0.5597
SNaive,S005,P0009,28,44.446,0.8839,57.5897,0.851
SNaive,S005,P0010,28,54.9775,1.2388,81.0065,0.7434
SNaive,S005,P0011,28,58.1397,1.2023,55.7296,0.8393
SNaive,S005,P0012,28,48.9186,1.0978,42.3829,0.6586
SNaive,S005,P0013,28,51.8162,0.9498,59.7322,0.6817
SNaive,S005,P0014,28,48.2305,1.0301,43.9056,0.8028
SNaive,S005,P0015,28,56.761,1.0411,64.3533,0.928
SNaive,S005,P0016,28,76.7578,1.3308,69.7358,1.637
SNaive,S005,P0017,28,56.6893,1.2348,56.5061,0.8624
SNaive,S005,P0018,28,40.4771,0.9344,46.8598,0.488
SNaive,S005,P0019,28,44.6093,0.8801,36.4223,0.6279
SNaive,S005,P0020,28,49.762,0.962,40.4335,0.7288
